id;rac_code;rac_lib_court;rac_lib_long;rac_comm
1;Branding;Home Gloves Latvia;Ports Manager Fish;Networked
2;Fish;payment calculating;local area network Benin;turn-key dedicated
3;Wisconsin;target Human withdrawal;dot-com payment Libyan Dinar;white sensor local
4;calculate;Chips;Villages uniform PCI;Automotive Tactics architectures
5;Wisconsin Facilitator Incredible;reinvent;eco-centric Bedfordshire mesh;Configuration UIC-Franc
6;Ergonomic Concrete Soap Zambian Kwacha;Concrete Bedfordshire;portal calculating Metal;real-time discrete redundant
7;Synergistic Personal Loan Account Sleek;Borders;olive Handcrafted Cotton Bacon Unbranded Fresh Pants;incubate
8;interfaces;Garden Dale Wallis and Futuna;generating;Computers Small Fresh Gloves back-end
9;interface;compress lavender Investment Account;backing up;Iran
10;Philippine Peso Metal;Strategist;card Licensed Cotton Ball;mindshare Gorgeous
