id;rag_code;rag_lib_court;rag_lib_long;rag_comm
1;Harbor Montana;Corporate Phased relationships;white Brand Money Market Account;Salad Web virtual
2;Refined Squares;maroon;EXE projection Fresh;support Gorgeous
3;withdrawal;copying;ability Hat Iraq;magenta Concrete
4;User-centric Gloves;Mauritania;facilitate Tasty Concrete Chips Exclusive;Buckinghamshire capability zero tolerance
5;mission-critical;Berkshire Small Plastic Pants Investor;Canadian Dollar;Berkshire Designer
6;Credit Card Account;navigate;Re-contextualized;web-enabled invoice withdrawal
7;bypassing optical;installation;Argentine Peso;Kentucky Algerian Dinar Clothing
8;open-source turn-key;Sausages;disintermediate Cambridgeshire hacking;bricks-and-clicks Concrete Global
9;Fiji Dollar Profound Bacon;Macao Equatorial Guinea Vision-oriented;Agent;Human deposit
10;even-keeled Saint Helena Pound;Internal AI optical;bypassing Marketing;Dynamic Home Loan Account Tools
